Date,Price,eth_tx,eth_address,eth_supply,eth_marketcap,eth_hashrate,eth_difficulty,eth_blocks,eth_blocksize,eth_blocktime,eth_gasprice,eth_gaslimit,eth_gasused
12/18/2017,785.99,984021,15048543,96364002.78,75741.14255,147283.4924,1783.753,5781,27932,14.67,27442929390,7996603,43186977264
12/17/2017,717.71,876574,14830225,96343439.19,69146.64974,142954.4584,1754.69,5781,25965,14.66,29121338315,7995227,41694276203
12/16/2017,699.09,899857,14626324,96323094.13,66735.5293,141945.8652,1740.332,5775,26389,14.58,35296363949,7996145,42279195527
12/15/2017,693.58,904346,14448281,96302709.88,65897.05529,143758.2604,1716.279,5800,26180,14.52,35432934113,7995378,42607604617
12/14/2017,692.83,942559,14252053,96281880.03,66779.18635,137629.7703,1641.299,5694,26049,14.82,41791954659,7995365,43964305213
12/13/2017,684.27,909631,14031511,96261094.63,67295.16864,134096.1365,1612.737,5659,26216,14.96,38631503447,7995336,41625003479
12/12/2017,656.52,872340,13835239,96240488.28,63183.80537,128931.8969,1556.261,5715,25607,14.73,38367405491,7906762,42534383833
12/11/2017,513.29,828899,13685739,96219914.75,49388.72004,128336.6496,1575.712,5749,23554,14.68,35272081823,7799361,42190609044
12/7/2017,421.15,659068,13563836,96199585.25,40514.45533,125209.8857,1480.719,5798,17899,14.57,59656597683,6730260,37125990058
12/6/2017,422.48,791746,13403976,96178679,40633.5683,123628.5175,1509.751,5473,21174,15.36,42116421717,6722801,33872524569
12/5/2017,453.96,693090,13208395,96158037.78,43651.90283,123432.1491,1570.293,5588,19800,14.94,30921177676,6726859,35038771633
12/4/2017,466.93,701834,13091051,96137400.97,44889.43663,125869.5928,1546.95,5671,19741,14.86,21962218932,6722294,34887121288
12/3/2017,462.81,693808,12965590,96116972.75,44483.89616,121828.5383,1542.746,6029,19326,14.08,14068434201,6721650,33003047721
12/2/2017,457.96,627785,12861547,96096636.22,44008.41552,125605.2762,1520.78,6053,17954,14.07,13179215357,6720306,30183667434
12/1/2017,461.58,622720,12765900,96076431.03,44346.95904,125492.702,1508.043,6127,18184,13.89,14561757161,6718817,31811531693
11/30/2017,434.85,655457,12661777,96055954.34,41769.93175,124830.2891,1537.205,6151,18059,13.83,16354038320,6716861,28880894729
11/29/2017,427.42,663579,12552695,96035538.22,41047.50975,123404.9935,1553.38,6108,18539,13.92,17499867713,6716943,29519996063
11/28/2017,466.27,638989,12432637,96015113.19,44768.96683,121376.5047,1562.073,6094,18980,13.95,16779210323,6717145,30288687055
11/27/2017,475.24,608695,12307159,95994803.56,45620.57045,123438.9985,1549.351,6086,22187,14.02,15537337870,6717512,30599511959
11/26/2017,470.54,542484,12206781,95974531.81,45159.8562,125187.293,1518.894,6169,16099,13.79,14953923259,6715381,27674135132
11/25/2017,464.61,561166,12117975,95954171,44581.26739,125309.3717,1462.848,6201,16192,13.69,12891179323,6717095,27394849746
11/24/2017,470.43,525529,12032606,95933855.94,45130.16385,124844.7158,1471.463,6234,15104,13.68,15456892039,6713855,26317732352
11/23/2017,406.57,537068,11944929,95913442.81,38995.52844,122161.9842,1489.214,6190,16029,13.73,15992127664,6715977,26725364867
11/22/2017,380.84,546489,11857891,95893095.41,36519.92645,118382.3196,1402.317,6242,15978,13.67,16469836119,6716259,26017543726
11/21/2017,360.52,524044,11772235,95872590.97,34563.9865,118772.9291,1389.738,6174,16182,13.8,17548793491,6715338,25906539931
11/20/2017,367.71,530141,11684803,95852196.97,35245.81135,120188.5528,1403.216,6176,16654,13.81,16089304528,6713109,26027982305
11/19/2017,354.6,464563,11608818,95831788.63,33981.95225,112980.6417,1397.135,6266,14551,13.6,14229082585,6714834,23975090718
11/18/2017,346.65,459679,11538878,95811365.84,33213.00997,111516.8425,1424.358,6215,14628,13.71,13339014477,6715508,24532718494
11/17/2017,331.72,508590,11464078,95791033.91,31775.80177,112630.8165,1448.755,6235,15301,13.66,16406020669,6715914,26784225318
11/16/2017,330.32,491482,11364268,95770669.91,31634.96768,111657.6225,1456.779,6154,15278,13.8,16023943398,6714876,25488120832
11/15/2017,331.2,540593,11266683,95750447.38,31712.54817,115382.9053,1487.331,6237,16453,13.69,17408995522,6714993,27301153015
11/14/2017,334.72,475984,11161837,95729953.81,32042.73014,114709.874,1437.744,6122,16232,13.87,16704405736,6714816,25946874938
11/13/2017,314.6,443176,11079264,95709903.78,30110.33573,117469.6839,1429.592,6225,14443,13.65,16603636136,6714950,24529577479
11/12/2017,306.02,434380,10997046,95689482.59,29282.89546,118263.4894,1420.593,6245,13233,13.53,18011273725,6712808,22925780729
11/11/2017,314.23,394378,10910568,95669271.88,30062.1553,115718.414,1454.538,6267,12665,13.58,15394750336,6714315,22677610504
11/10/2017,296.86,457427,10833256,95648853.59,28394.31868,115773.7593,1412.215,6300,13413,13.52,15036090671,6715532,23709873840
11/9/2017,319.66,467172,10737345,95628326.75,30568.55093,114107.822,1433.805,6195,13929,13.79,15785570759,6718203,24998074107
11/8/2017,307.35,480413,10631410,95608013.66,29385.123,116144.1465,1439.533,6236,14220,13.7,16154783877,6713955,23449784813
11/7/2017,291.84,470418,10557839,95587760.75,27896.3321,113925.2212,,6211,14267,13.72,13393206633,6712817,22865503353
11/6/2017,296.82,511663,10503649,95567346.97,28366.29993,114621.414,,6199,13796,13.77,10433598351,6714082,21153932849
11/5/2017,296.23,417102,10440241,95547106.34,28303.91931,117028.67,,6299,11640,13.54,10703460687,6713173,18773996019
11/4/2017,299.42,398758,10389337,95526513.88,28661.77522,103567.0937,1405.222,6196,12156,13.78,11624799927,6714627,21376023145
11/3/2017,298.4,485790,10334844,95506325.56,29082.6312,104827.259,1419.283,6208,15831,13.68,12781813101,6716000,27474314374
11/2/2017,284.61,529277,10265149,95486016.13,27205.87571,105632.0807,1441.55,6144,15696,13.83,15919836477,6714869,29711567693
11/1/2017,289.5,527783,10170977,95465719.34,27629.68849,109939.7975,1505.309,6142,15758,13.85,14979336359,6718288,29424380755
10/31/2017,304.24,519906,10090762,95445491,28981.06889,109011.5712,1462.242,6275,15604,13.58,13692446133,6719731,29533828429
10/30/2017,307,532626,10016332,95424854.56,29276.34538,104689.5115,1447.379,6072,16448,14.02,11808258897,6717222,26614306113
10/29/2017,304.37,494176,9962016,95404755.97,29006.862,107364.0917,1459.599,6194,14872,13.78,10371979124,6719600,24746206086
10/28/2017,293.61,484554,9919259,95384467.16,27981.03344,109022.7007,1468.426,6240,14317,13.69,10491940195,6717997,24238961845
10/27/2017,295.99,486147,9877222,95364021.78,28262.0815,107301.2973,1447.521,6229,14924,13.67,11545392383,6716447,26465608457
10/26/2017,295.1,466406,9815741,95343550.53,28177.83292,105391.6618,1437.018,6157,14417,13.87,12385996259,6716410,25792258901
10/25/2017,294.91,460419,9742825,95323352.38,28249.07548,109101.8007,1484.205,6176,14347,13.78,12720316553,6716677,26309948399
10/24/2017,296.2,492288,9668925,95303134.16,28257.37928,111176.9227,1496.921,6248,13946,13.64,14415708346,6716623,26564339882
10/23/2017,284.75,468168,9581597,95282604.69,27181.26864,108188.1292,1455.82,6254,12828,13.63,13780011469,6713991,22112574421
10/22/2017,293.67,435493,9508412,95262134.28,28009.92534,110340.082,1479.883,6280,10947,13.59,10751750663,6717027,17476517075
10/21/2017,299,462902,9450402,95241750.03,28529.66622,109179.8738,1470.935,6229,11983,13.69,12128683877,6716829,18071912431
10/20/2017,302.61,546837,9391327,95221606.81,28859.76459,107296.8232,1448.048,6237,15254,13.68,14610349751,6715665,26586311517
10/19/2017,306.97,494184,9320260,95201131.81,29265.77993,107745.2962,1460.305,6241,12978,13.71,12235259269,6716823,24000639917
10/18/2017,313.43,470449,9250984,95180705.66,29842.95845,104018.5548,1412.602,6221,13060,13.75,14081137033,6716945,21489016601
10/17/2017,315.64,505611,9195945,95160328.25,30083.98617,103140.2309,1430.794,6050,14412,14.08,14194850634,6716565,23228035407
10/16/2017,334.37,408297,9135201,95140181,31798.7027,103706.3558,1922.324,4554,16294,18.78,16678649826,6716404,21922149733
10/15/2017,336.74,328921,9075349,95124011.44,32016.83977,103434.7686,2962.491,2925,19011,29.2,23514174126,6714419,16839186003
10/14/2017,339.24,332169,9026250,95108431.28,32223.6876,99078.8168,2917.998,2887,19951,29.74,24196653845,6717269,16796028877
10/13/2017,337.46,379136,8982527,95093113.47,32030.21341,104478.2166,3031.012,2891,21845,29.62,26489325565,6718163,16818042076
10/12/2017,303.1,363411,8930073,95077676.28,28798.07737,100658.819,2911.728,2899,21137,29.42,24512657109,6714754,16867122755
10/11/2017,303.39,344305,8880536,95062284.72,28790.56355,103201.435,2997.386,2915,20045,29.34,30039329444,6715640,16118748639
10/10/2017,299.32,349605,8837358,95046784.88,28367.66341,100346.7409,2913.485,2915,21438,29.45,25058292801,6714505,16179450785
10/9/2017,297.21,328172,8791812,95031300.5,28219.54468,100305.6568,2930.956,2882,19671,29.72,24174030452,6719400,16593181455
10/8/2017,309.72,296829,8738451,95016091.75,29406.53024,99957.7366,2915.521,2879,19150,29.68,24091593642,6717153,15692320454
10/7/2017,311.46,291091,8696647,95000892.22,29569.97771,96306.9606,2857.438,2848,19657,30.02,22705744740,6714406,14920815678
10/6/2017,308.59,319882,8660904,94985877.06,29286.99547,99395.0518,2912.479,2848,21656,29.97,25759310387,6717054,16237865284
10/5/2017,295.3,314808,8622252,94970853,28015.45193,103964.8899,2968.747,2946,20313,29.03,24302843665,6714835,15769323939
10/4/2017,291.52,307399,8583378,94955375.97,27696.58406,99924.2321,2896.353,2886,20395,29.47,23689836678,6715126,16487207597
10/3/2017,291.64,327906,8537476,94940057.53,27638.94955,96318.9962,2838.826,2862,20918,29.9,23882103385,6718978,16505707600
10/2/2017,296.83,306095,8487973,94924879.09,28174.65336,96404.5837,2861.171,2842,21143,30.16,25376879520,6718652,15476144246
10/1/2017,304.22,283871,8439933,94909789.88,28847.83063,97076.6802,2865.649,2862,21781,30.08,24190581701,6717855,15310702625
9/30/2017,303.44,295798,8406110,94894657.22,28731.25537,92965.1376,2773.895,2840,21998,30.27,26231412090,6717220,15741288840
9/29/2017,292.68,326502,8364828,94879725.81,27759.91018,94268.7683,2802.971,2829,21540,30.31,23184436268,6715709,15903325578
9/28/2017,302.81,329208,8323753,94864873.31,28722.23769,98281.0989,2896.072,2856,20553,30.02,25409632808,6716179,15969409283
9/27/2017,309.65,309047,8269803,94849875.34,29400.61586,100067.2592,2916.043,2904,18893,29.54,26548967736,6716780,16132176667
9/26/2017,288.68,306075,8211953,94834464.25,27373.01976,98888.3825,2887.116,2890,18527,29.56,24571949910,6716846,17258565559
9/25/2017,295.2,306614,8153119,94819257.38,27961.25081,98483.7466,2912.421,2836,19577,30.16,25547420148,6715944,15438672580
9/24/2017,281.81,280929,8112522,94804383,26791.71864,102079.6576,2945.612,2938,17983,29.19,28226701571,6715000,15049348283
9/23/2017,286.16,260107,8078626,94788921.59,27122.90202,100932.1989,2960.802,2884,15951,29.78,23562292733,6713163,14148926235
9/22/2017,262.19,271470,8042491,94773915.81,24919.85342,104698.4895,2938.237,3001,16972,28.57,24379043547,6716774,14989028970
9/21/2017,256.76,317074,8006858,94758172.22,24425.81405,104042.0377,2405.383,3645,16104,23.53,23983898010,6717385,17557702349
9/20/2017,283.5,324984,7943832,94738835.81,26864.14428,101517.21,2380.957,3600,16028,23.74,30102925181,6715542,19198494584
9/19/2017,282.89,337752,7878304,94719653.78,26805.66202,102499.12,2380.774,3628,16596,23.53,28240983765,6717099,18037053711
9/18/2017,296.78,362764,7822945,94700280.81,28176.17455,100308.5274,2351.653,3557,17536,23.99,27527967857,6718339,18065378622
9/17/2017,257.09,289517,7772453,94681215.81,24465.62617,102518.68,2390.881,3630,14350,23.67,32847109838,6716056,16461120596
9/16/2017,253,373764,7729925,94661993.78,24090.5308,100630.004,2350.116,3609,16698,23.68,35281116400,6717637,20417940497
9/15/2017,258.52,441767,7679736,94642655.81,24566.39417,101654.7838,2366.097,3616,19312,23.56,35527257414,6717105,20666662769
9/14/2017,223.08,380251,7618435,94623119.41,21114.20286,99538.6898,2321.976,3599,17288,23.71,28372005082,6715044,18330776595
9/13/2017,275.48,365679,7563718,94603829.72,26095.52039,96862.5167,2324.138,3536,16933,24.19,27123610125,6715468,18052205923
9/12/2017,293.57,404898,7508515,94584931.44,27817.42834,101026.2362,2375.29,3603,18037,23.83,28430040166,6714220,19047548800
9/11/2017,297.19,365384,7444820,94565618.94,28175.82616,97867.1491,2312.746,3551,16764,24.12,26441744516,6714227,17619207471
9/10/2017,297.74,325128,7379849,94546772.84,28289.3399,97253.2383,2289.896,3574,14680,24.03,36135150446,6715625,15867451570
9/9/2017,302.79,383654,7329084,94527784.09,28716.59553,98008.0751,2321.405,3561,17147,24.01,29941043195,6716947,17994285809
9/8/2017,304.18,463670,7267913,94508748.31,28987.72328,99874.6125,2351.174,3592,20975,23.86,42275877643,6719904,21076267456
9/7/2017,334.1,448347,7201288,94489481.13,31688.93728,94467.199,2253.842,3547,21135,24.16,36147491376,6715732,21860214702
9/6/2017,337.36,496376,7136790,94470348.47,32017.8905,92625.4335,2232.6,3510,22603,24.44,36519706124,6720505,21850533489
9/5/2017,316.15,444572,7067974,94451460.19,30029.89725,93755.3541,2231.041,3559,19704,24.08,30139309787,6718965,20587720062
9/4/2017,295.73,442592,7004719,94432358.94,28679.10741,93647.0268,2243.963,3527,19760,24.33,27792328086,6717796,18669548895
9/3/2017,351.21,302525,6941689,94413437.84,33276.01617,95055.9858,2250.289,3539,13871,24.24,24625907338,6713503,14093399641
9/2/2017,345,331797,6892287,94394795.81,33135.40517,93720.5494,2231.26,3541,15334,24.2,62682734227,6716871,15951133510
9/1/2017,389.9,390997,6837885,94375947.69,36940.63344,92728.0146,2233.569,3521,18436,24.43,29038234385,6718999,19038356374
8/31/2017,387.29,384421,6771516,94357118.31,36641.69975,90901.5865,2215.537,3473,17436,24.64,36202779201,6715657,19022461476
8/30/2017,383.1,400220,6703644,94338352.22,36212.71988,93823.0467,2231.15,3531,18827,24.21,25922353625,6715003,18328764907
8/29/2017,372.27,394649,6636587,94319408.31,35119.83169,92088.0857,2204.097,3541,18455,24.22,26062902403,6720141,20167518335
8/28/2017,347.05,363799,6574380,94300328.16,32784.45209,86753.1361,2133.303,3446,17757,25,23023333378,6714858,16485319187
8/27/2017,347.69,324173,6521068,94281902.69,32798.78831,90454.326,2180.133,3514,14945,24.43,22152769744,6714308,15001225365
8/26/2017,332.76,306268,6471420,94263267.22,31376.47113,90955.4417,2200.006,3499,14625,24.58,22816054496,6714048,14015346534
8/25/2017,328.7,352621,6425907,94244701.44,31106.40616,89994.9238,2154.673,3554,15772,24.18,25311366617,6712044,14108202514
8/24/2017,325.64,352465,6375451,94225880.66,30649.79446,90336.1265,1828.189,4184,13796,20.51,24488987225,6712606,15605369701
8/23/2017,316.5,374711,6322823,94203348.94,29900.14295,91496.916,1843.057,4216,14352,20.38,23256200293,6710940,17213958732
8/22/2017,312.46,364727,6252808,94180738.94,29513.41816,89615.1901,1804.398,4185,14259,20.38,23423033219,6708686,17186834718
8/21/2017,322.5,392880,6186106,94158216.28,30304.82191,89205.8842,1785.087,4233,15179,20.31,23061643547,6711475,17401005729
8/20/2017,298.2,309926,6127189,94135470.5,28071.1973,88118.4535,1792.593,4156,12825,20.65,22972240493,6709809,15896801546
8/19/2017,292.6,377418,6067912,94113338,27577.0903,89581.1457,1795.854,4211,16348,20.29,25853813413,6711012,19220763789
8/18/2017,292.4,443356,6004737,94090773.63,27532.84218,85743.5067,1745.446,4136,17335,20.68,44653492844,6714227,21706184631
8/17/2017,298.65,428007,5934207,94068463.16,28248.75949,85593.3951,1738.425,4144,17330,20.61,29045025650,6718785,22078488852
8/16/2017,301.34,413624,5866922,94045930.19,28343.56244,85419.7948,1713.531,4166,17360,20.43,34716303601,6722669,23252716251
8/15/2017,286,413246,5810917,94023364.41,26939.57437,84680.7779,1734.349,4132,16403,20.73,21732658516,6721524,22420514846
8/14/2017,298.6,410061,5725888,94001140.03,28121.38105,85027.6468,1728.855,4133,15655,20.61,22124106465,6720094,19420639505
8/13/2017,296.28,333011,5647075,93979101.91,27876.08121,82477.7754,1690.846,4129,12993,20.73,22053673388,6720021,16412188461
8/12/2017,307.2,338654,5585573,93957067.22,28940.65584,81155.1032,1692.527,4113,13642,20.73,24802395477,6720718,16866888987
8/11/2017,308.51,356682,5529892,93935146.28,29056.01945,79800.4549,1640.151,4105,14429,20.79,25055821756,6717068,16970909183
8/10/2017,295,338241,5469308,93913244.25,28012.44249,79867.4397,1650.127,4029,13581,21.07,24244829373,6718003,15013390317
8/9/2017,293.99,280308,5409615,93891780.5,27724.36495,80473.311,1661.335,4113,11373,20.85,24062207266,6715690,14138834844
8/8/2017,295.99,318866,5357059,93870051.13,27833.40886,80067.1003,1636.256,4093,13278,20.88,23836962422,6716451,15480719454
8/7/2017,269.59,281172,5302339,93848415.81,25333.44136,78413.598,1619.968,4094,11867,20.92,25187717437,6714909,13825333409
8/6/2017,264.29,265127,5250459,93826794.25,24822.81669,76031.0312,1598.932,4032,10463,21.29,24293412889,6718368,12563169019
8/5/2017,253.87,261400,5207095,93805528.63,23741.24124,75945.2472,1585.689,4034,10427,21.22,23984146001,6717059,12932883007
8/4/2017,220.72,257160,5169164,93784340.81,20688.82558,76294.8801,1590.668,4040,10507,21.13,22630338284,6715427,12936116501
8/3/2017,224.67,236335,5129817,93763035.81,21039.48761,73485.2744,1555.875,3976,9597,21.55,24881344614,6716926,12302333888
8/2/2017,217.88,231068,5088235,93742069.41,20447.02018,76805.5107,1606.524,4044,9426,21.24,25145539900,6717179,11528446756
8/1/2017,225.98,218582,5049868,93720934.09,21171.55901,78324.6735,1606.73,4087,9503,20.93,25462492943,6716626,12712633763
7/31/2017,200.79,250090,5010515,93699513.63,18864.52308,76650.4709,1426.54,4535,9291,18.87,22305961187,6716796,12631771948
7/30/2017,195.31,206624,4974090,93675455.03,18433.45604,75662.6423,1359.901,4704,7621,18.25,23908993567,6715754,11830615520
7/29/2017,206.94,198773,4930947,93650737.38,19305.163,74151.5719,1332.178,4683,7452,18.29,24073380192,6716620,9555608826
7/28/2017,191.2,246494,4903853,93626244.88,17902.27428,73591.6983,1332.368,4647,9258,18.45,25160319003,6716225,11945897337
7/27/2017,202.66,225435,4872429,93601559.72,18994.56451,72620.6995,1321.721,4634,8346,18.45,25759576270,6719491,10120647777
7/26/2017,203.33,223010,4842532,93577207.06,18984.94377,73375.4017,1331.461,4650,8403,18.43,26644959295,6717215,10833315646
7/25/2017,202.71,242956,4807986,93552692.06,19046.39258,74060.8637,1328.375,4686,9766,18.24,26699669746,6717047,12380952661
7/24/2017,226.59,263095,4766918,93527999.41,21088.69331,71086.1935,1302.508,4582,10560,18.62,24993645320,6719529,13611993829
7/23/2017,228.22,260490,4728803,93503940.5,21348.8197,72662.8193,1315.028,4660,9282,18.33,24411781141,6718064,11670362240
7/22/2017,232.73,205574,4692029,93479457.22,21544.21051,70344.6082,1278.26,4649,7992,18.45,24728177686,6715453,9524071657
7/21/2017,216.09,232560,4665313,93455149.88,20217.15257,70210.3022,1304.971,4543,8661,18.85,34121661718,6716253,10446514542
7/20/2017,227,250065,4626800,93431307.69,21146.30787,69759.1232,1271.418,4632,9370,18.44,23785270501,6719188,11664100238
7/19/2017,194,270122,4584881,93406814.88,18159.21888,67929.301,1233.999,4637,10282,18.43,25859171423,6720068,12131955982
7/18/2017,226.84,271055,4548962,93382331.28,21206.19361,65488.9339,1213.897,4551,11286,18.82,26922445269,6717085,14125844187
7/17/2017,190.1,248473,4498727,93358380.97,17735.29163,63714.9942,1204.494,4459,9814,19.17,25008451290,6718321,11980769662
7/16/2017,157.06,249138,4460257,93334862.69,14506.10436,67381.9726,1243.782,4575,9225,18.71,24225254470,6716029,11266129267
7/15/2017,170.17,231961,4428324,93310853,15778.86524,66076.6514,1207.945,4603,8747,18.58,26644007281,6716173,10654024056
7/14/2017,196.49,249381,4400742,93286700.66,18390.54017,62983.6578,1182.556,4502,10040,19.02,23119742999,6716113,12734885135
7/13/2017,205,260745,4368629,93262929.41,19157.13833,65108.2642,1207.945,4512,10676,18.88,23629822115,6717910,14997729804
7/12/2017,224.35,283828,4320310,93239157.84,20899.55723,63527.1745,1185.959,4509,10735,18.95,24301621064,6718363,14232178771
7/11/2017,188.63,291677,4279139,93215219.88,17762.16015,65016.2,1214.203,4520,10484,18.95,24575033101,6719173,14105413216
7/10/2017,203.51,302633,4236883,93191251.75,19175.03196,65577.096,1198.735,4594,10586,18.59,22840512365,6716413,13402974481
7/9/2017,235.35,225189,4199674,93166818.16,22147.61601,64815.0977,1071.108,5094,6980,16.81,26860797614,6718282,10477343982
7/8/2017,245.23,248142,4169731,93139877.38,22881.67367,63970.8599,1055.963,5087,8884,16.78,26089973919,6708736,12858510908
7/7/2017,238.29,295389,4131556,93112810.97,22434.60067,62980.5055,1038.186,5084,9709,16.78,27021742038,6705034,13873012367
7/6/2017,265.35,258791,4089182,93085523,24749.57886,62188.5082,1037.217,5046,8830,16.96,24841070314,6704387,13174610768
7/5/2017,264.77,271606,4053898,93058596.44,24753.58665,60558.053,1022.956,4985,10094,17.16,26133024523,6704885,14865252727
7/4/2017,266.83,281465,4010868,93031836.13,25030.21551,62015.5576,1027.254,5078,10132,16.81,24664144555,6705980,15136378093
7/3/2017,273.98,302032,3960081,93004470.34,25707.36565,61066.6592,1012.942,5052,10143,16.85,28117349173,6706724,16175176848
7/2/2017,277.2,248617,3905337,92977339.09,26404.63453,60043.2459,1002.208,5034,8503,16.97,25581333280,6705848,13002683664
7/1/2017,254.8,240465,3871530,92950626.75,24260.11358,59257.8637,992.636,5009,8106,17.05,26689728580,6705064,12521038121
6/30/2017,276.6,252652,3835524,92923943.63,26081.8925,58103.4759,972.009,5036,8800,16.98,27223635401,6700851,13795600568
6/29/2017,285.3,263791,3787958,92897087.38,27209.55689,57370.5804,962.749,5027,9460,16.96,35022170593,5348530,14345970753
6/28/2017,312.32,274241,3739249,92870078.47,29333.94299,55902.4878,950.061,4961,10005,17.24,43482890266,4714751,15232354556
6/27/2017,279,252995,3688934,92843435.81,26566.22072,55435.8653,930.359,5001,7911,17.06,31580245373,4711731,11678415830
6/26/2017,250.1,316788,3646944,92816853.47,23545.77939,54476.8066,923.853,4965,9544,17.2,49580734026,4711354,13547864341
6/25/2017,276.85,231135,3593921,92790154.41,25921.85753,53050.104,904.654,4926,8979,17.32,34521352334,4710925,12409519930
6/24/2017,296.89,250570,3549828,92763771.28,28250.27891,52432.2312,888.68,4939,8935,17.25,47309213754,4711131,13618865563
6/23/2017,324.37,276012,3499011,92737276.28,30311.17875,50863.8817,881.532,4890,9123,17.53,40960227374,4711232,12816221982
6/22/2017,320.94,284225,3442987,92711173.78,29757.50545,51035.432,872.419,4944,8691,17.31,41150573699,4711355,16900771803
6/21/2017,321,221289,3386889,92684640.5,30150.31355,50745.629,874.309,4898,6195,17.52,58264077197,4710146,16194449431
6/20/2017,344.15,308488,3354447,92658489.72,32479.5804,49710.0379,847.174,4967,9258,17.32,35606261848,4708118,16318742376
6/19/2017,355.5,286209,3292231,92631780.34,33180.70372,48994.2646,775.466,5334,8956,16,21054562068,4707483,13844965069
6/18/2017,348.77,245957,3231660,92603147.38,32552.7844,49167.6342,769.923,5347,7931,15.97,19777146521,4707117,12442644327
6/17/2017,364.56,242022,3178828,92574559.88,34076.69549,47877.4934,761.53,5279,7958,16.17,20940055933,4706759,11471789945
6/16/2017,348.98,248003,3132387,92546260.81,32725.28329,46630.0453,737.125,5336,8034,16.03,22083654403,4705482,11936721304
6/15/2017,338.7,261617,3084273,92517889.88,31889.06628,46001.9979,728.25,5305,8192,16.11,23411815379,4707132,11866655521
6/14/2017,337.4,250410,3031828,92489691.13,31801.6554,44267.7112,713.189,5293,7942,16.15,22812812579,4705729,11460738761
6/13/2017,382.7,280054,2978427,92461422.38,35883.35341,43492.4743,694.617,5272,8807,16.21,24903912970,4694798,12308459502
6/12/2017,387.5,292941,2919025,92433146.28,36479.66551,41975.3291,676.331,5237,9451,16.31,30391141090,4690819,15111081528
6/11/2017,336.39,240490,2859713,92405045.66,31388.14591,42335.4349,682.857,5246,8658,16.37,23843612254,4699049,12661099741
6/10/2017,325.88,213356,2804195,92377118.94,31034.09311,41872.7093,662.233,5332,6592,16.02,22422146714,4695663,9841868154
6/9/2017,278.41,215831,2760852,92348960.19,25775.51828,39508.5852,639.988,5214,7482,16.42,22518978783,4699464,11058393071
6/8/2017,256.95,187700,2720240,92321310.19,23949.07108,39515.8111,640.655,5209,6932,16.43,23571788218,4698879,10261845222
6/7/2017,250.7,207180,2682778,92293678.94,23605.95426,39157.0428,632.534,5239,7388,16.39,23555770569,4699189,11557499687
6/6/2017,261.9,200523,2638490,92265908.16,24382.18889,37971.5981,615.097,5208,7374,16.44,23539130279,4698863,10984663716
6/5/2017,242.16,190305,2595526,92238426.91,22852.07027,37220.5713,599.656,5249,6439,16.31,22886137204,4695961,9761889950
6/4/2017,241.06,180136,2557692,92210634.56,22587.91704,36683.7213,597.678,5160,6458,16.61,23508783552,4697427,10633567472
6/3/2017,217.01,175666,2521601,92183405.81,20676.73792,35389.9389,575.748,5206,6636,16.51,22677818318,4684698,10201890636
6/2/2017,214.83,194911,2486438,92155875.66,20462.29063,34748.1009,574.506,5087,7542,16.82,22913829909,4479219,12488700413
6/1/2017,211.3,199160,2445012,92129055.03,20332.88245,35032.0837,561.001,5276,6541,16.22,23808562950,4310276,10585577059
5/31/2017,218.34,214126,2406002,92100985.66,21057.96936,33166.6989,519.724,5412,6843,15.87,38210063774,4307816,12807114092
5/30/2017,224.78,193618,2360680,92072237.22,21045.87198,33952.2769,513.217,5581,7069,15.3,24758885831,4369809,12123850008
5/29/2017,189.99,158547,2316858,92042417.84,17871.87627,32344.9504,487.713,5579,4922,15.32,22429141176,4310470,8502914345
5/28/2017,161.91,155271,2288310,92012880.5,15905.34652,30319.4003,469.177,5453,5379,15.7,21916364414,4311272,8823289197
5/27/2017,149.99,149450,2262189,91984057.22,14407.46288,30399.6414,473.268,5439,5127,15.76,22312210827,4309863,8220637008
5/26/2017,153.11,169818,2235403,91955285.5,14973.07914,29752.9865,456.542,5492,5559,15.57,22767260891,4311949,9457379360
5/25/2017,167.64,183010,2201139,91926318,16301.29397,29573.7133,457.711,5465,5952,15.71,22627478169,4311181,9970769428
5/24/2017,184.36,187293,2162097,91897482.84,17738.97111,29413.4293,458.978,5427,6666,15.77,23511877462,4317916,11331763125
5/23/2017,168.21,187121,2119587,91868838.47,15571.76812,28807.8371,448.717,5419,6627,15.83,22876914693,4312520,10792046776
5/22/2017,154.92,176255,2074888,91840262.38,14730.25968,29819.2767,463.103,5468,5328,15.71,22950916506,4308849,8262616027
5/21/2017,146.04,149699,2041878,91811493.16,13588.10099,29014.4596,451.327,5437,4586,15.77,22366670221,4308439,7608565060
5/20/2017,123.03,130912,2017264,91782839.09,11294.79618,28704.8846,439.714,5489,4179,15.59,22578527232,4304681,7231434396
5/19/2017,124.4,161568,1993428,91754187.06,11412.38579,27662.8126,431.65,5424,4801,15.83,22510140833,4312190,8397664033
5/18/2017,98.55,137409,1964727,91725805.81,8794.670261,26756.3545,414.448,5462,4245,15.74,22641931556,4305758,7193965880
5/17/2017,89.67,140135,1942480,91697325.03,7975.833331,25673.1355,408.104,5325,4305,16.1,26658490658,4311905,7720771554
5/16/2017,88.17,116341,1919681,91669426.13,8048.575614,26951.5322,417.08,5457,3644,15.67,22338079736,4306289,6372683499
5/15/2017,92.56,122792,1899209,91640708.16,8276.988761,26374.7001,414.048,5401,3831,15.9,22225479222,4300418,6301530936
5/14/2017,90.37,101348,1881351,91612245.81,8127.838448,25763.6063,404.779,5402,3140,15.92,22054420864,4301829,5160924870
5/13/2017,89.9,101332,1867571,91584028.31,8055.73113,24940.8708,378.491,5591,3065,15.39,22176736929,4303966,5077306379
5/12/2017,86.99,107241,1853657,91554775.03,7795.889094,25468.5261,379.251,5688,3154,15.1,22224260597,4300839,5266065050
5/11/2017,89.38,117189,1837631,91524885.34,8072.494887,24906.8722,369.262,5702,3352,15.03,22276386524,4298185,5037332202
5/10/2017,88.33,109673,1817872,91495150.81,8036.019096,24265.0815,363.679,5648,3227,15.19,22141501610,4300551,4977215293
5/9/2017,88.94,112933,1797526,91465535.97,7890.731788,24510.4648,365.57,5672,3376,15.13,22419891708,4298025,4941861347
5/8/2017,88.91,117509,1777158,91435780.97,8082.00868,23598.8389,353.828,5640,3409,15.24,22304778708,4297193,4371120763
5/7/2017,94.21,106631,1758488,91406355.03,8268.618876,23766.8199,353.593,5718,3322,15.07,22863576069,4299139,4383783590
5/6/2017,96.65,95014,1739516,91376474.88,8664.317348,23416.8712,349.26,5678,2934,15.14,22254507120,4289623,3895528821
5/5/2017,91.5,108514,1724130,91346771.44,8293.373379,23427.2382,349.788,5675,3171,15.15,22905913235,4287636,3703774549
5/4/2017,99.2,114877,1708629,91317072.53,8634.029208,22403.1399,336.421,5649,3351,15.25,22523480694,4285326,4146025194
5/3/2017,85.79,97334,1690254,91287645.97,7336.788107,22633.4701,339.479,5649,3028,15.21,22182605256,4288653,3466927160
5/2/2017,82.01,110354,1678680,91258093.31,7049.687708,22218.5493,335.2,5619,3461,15.29,22975461233,4288820,4635194345
5/1/2017,81.4,112202,1663543,91228656.91,7072.95777,22307.6652,336.173,5624,3544,15.32,22989649815,4289999,4407350348
4/30/2017,83.51,95202,1647543,91199299.41,7280.440072,22071.893,332.584,5648,3064,15.25,22541845100,4285640,3369941640
4/29/2017,73.55,91335,1635440,91169930.81,6368.219667,22674.7072,342.092,5626,2793,15.29,22799209590,4286304,3072854430
4/28/2017,76,106193,1624667,91140713.16,6600.410447,22094.2863,328.633,5697,3178,15.12,22130700584,4291332,3606508681
4/27/2017,68,104494,1612349,91111031.13,5749.106064,20819.5764,313.696,5642,3095,15.25,22377947330,4281196,3855782843
4/26/2017,57.31,89642,1596565,91081701.13,4852.833036,20518.0576,308.931,5637,2724,15.27,22048839796,4286926,3389558270
4/25/2017,53.9,93033,1580035,91052368.94,4562.634207,20759.4397,298.308,5897,2803,14.57,21734015245,4281190,3587460558
4/24/2017,53.54,80531,1572073,91021611.13,4545.61926,19854.8535,295.212,5721,2553,15.06,22992421400,4262866,3142866515
4/23/2017,53.03,77073,1562427,90991825.66,4439.491174,20695.5064,298.451,5864,2393,14.67,21898039096,4236509,3017245471
4/22/2017,52.15,73539,1555797,90961334.41,4403.438199,20304.9606,297.111,5792,2429,14.87,22631052480,4242704,3110233611
4/21/2017,51.37,81278,1548026,90931344.09,4388.346666,20064.6867,290.823,5878,2691,14.67,22819358782,4203564,3790138031
4/20/2017,51.96,85450,1536829,90900866.75,4486.866783,19598.4726,283.972,5859,2581,14.67,22480105997,4094391,3408878184
4/19/2017,49.66,85734,1526805,90870444.56,4350.876886,19426.3047,288.751,5718,2664,15.06,22626922333,4090202,3465363718
4/18/2017,52.49,83303,1518090,90840832.38,4531.140719,19532.6738,282.74,5861,2603,14.67,22747420158,4176945,3260252456
4/17/2017,49.52,72546,1509763,90810315.66,4417.921857,18986.8175,275.532,5861,2309,14.73,22255010723,4052528,2751457420
4/16/2017,49.58,70634,1503386,90779668.16,4415.523059,18623.6556,272.581,5820,2220,14.85,22100218538,4064064,2501650359
4/15/2017,49.71,74820,1498803,90749160.97,4477.563602,18356.8933,272.397,5721,2348,15.08,22240477959,4085220,2598033805
4/14/2017,48.5,81155,1492214,90719162.84,4347.262283,18877.3819,271.575,5908,2451,14.62,22257379067,4060714,2852421954
4/13/2017,50.65,84124,1485120,90688173.16,4557.987583,17325.6847,254.806,5798,2589,14.88,22310955741,4042837,2759203997
4/12/2017,46.96,80347,1476683,90657833.31,4227.374767,17672.1498,260.942,5779,2697,14.98,23067711028,4054299,3182442702
4/11/2017,44.21,75891,1466464,90627616.28,3983.083736,17900.816,261.037,5849,2377,14.76,22007626117,4058937,2679717515
4/10/2017,44.17,75487,1460327,90597165.81,3979.027522,17285.4863,255.973,5758,2460,14.97,22330645586,4122521,2760816737
4/9/2017,44.03,74557,1453300,90567128.63,3973.179933,17278.0448,253.175,5797,2358,14.9,21963656913,4081472,2602180314
4/8/2017,44.51,72144,1447313,90536886.59,4024.364609,17605.5606,252.485,5936,2249,14.52,22134943280,4167174,2355623725
4/7/2017,42.25,92846,1440597,90505970.97,3828.402572,17541.6491,249.575,5946,2776,14.47,22133175527,4199878,3272867342
4/6/2017,43.11,95177,1432417,90474896.44,3910.325024,17238.063,248.619,5880,2799,14.65,22774967565,4147633,3183645283
4/5/2017,45.35,87411,1418641,90444172.06,4079.03216,17294.066,246.279,5986,2558,14.41,22438228964,4172167,2984719130
4/4/2017,44.36,86279,1408346,90412936.75,4017.950909,16872.131,240.588,5932,2518,14.49,22335006404,4177144,2864503196
4/3/2017,43.94,100221,1398126,90381881.44,3991.263884,15983.0117,225.778,5979,2788,14.4,22176569227,4275871,3376865972
4/2/2017,48.6,88948,1385185,90350695.19,4384.719237,16718.5386,242.037,5846,2669,14.7,22176202916,4251363,2994651161
4/1/2017,50.6,80572,1374894,90320254.41,4566.592063,16684.6609,239.048,5926,2403,14.51,22145659410,4222081,2573095663
3/31/2017,49.71,103102,1367188,90289403.47,4501.829657,16923.4135,240.139,5971,2949,14.39,22421222086,4186445,3436349297
3/30/2017,51.62,96209,1352837,90258195.19,4672.666765,16508.1931,236.982,5910,2853,14.57,22337722011,4194903,3137212539
3/29/2017,52.88,93064,1338529,90227375.34,4780.246346,16444.6814,232.98,5988,2744,14.36,22264312196,4209754,3116605361
3/28/2017,50.16,84348,1329617,90196107.06,4528.746536,15956.633,229.549,5900,2543,14.61,22247087954,4076318,2829505044
3/27/2017,48.93,94570,1320623,90165551.59,4418.112028,16234.1177,231.657,5951,2896,14.45,22247794560,4067603,3525902049
3/26/2017,50.46,79534,1308803,90134549.41,4552.696091,15592.211,221.175,5981,2375,14.37,22249849693,4055066,2604354268
3/25/2017,50.75,84394,1301464,90103373.94,4571.845194,14850.0107,211.205,5962,2428,14.44,23012529660,4148208,2527232365
3/24/2017,54.01,87775,1291931,90072311.13,4818.868645,14717.153,211,5913,2557,14.54,27441833681,4227395,2802719814
3/23/2017,43.14,82434,1280501,90041470.19,3887.990683,14696.6462,210.879,5914,2513,14.55,22541771175,4204180,2732317738
3/22/2017,41.41,78821,1272509,90010489.25,3739.935828,14303.7526,201.632,6008,2368,14.31,22752454613,4160216,2630501522
3/21/2017,42.45,84298,1264243,89979116.91,3832.210589,14004.9233,199.631,5957,2507,14.46,22401666063,4083835,2722576858
3/20/2017,42.06,80264,1254137,89948100.5,3804.804651,14240.8505,199.408,6066,2316,14.15,22485861954,4094927,2538286690
3/19/2017,43.17,84599,1244923,89916430.19,3880.793127,13381.2912,190.867,5950,2396,14.48,22676654708,4063474,2539978136
3/18/2017,33.65,89920,1236276,89885435.66,3058.801375,13956.1955,197.601,5991,2513,14.36,22588280322,4043895,2680677691
3/17/2017,44.65,106635,1224321,89853953.31,4002.095081,13708.6332,192.81,6046,2880,14.22,27329559604,4039328,3367447756
3/16/2017,45.05,109950,1208579,89822111.44,4068.043427,13093.3706,185.854,5990,3071,14.37,23318234775,4024249,3665163840
3/15/2017,34.8,81205,1190919,89790683.47,3146.265549,13008.71,184.132,5986,2456,14.37,22877843867,4014215,2732822658
3/14/2017,28.66,77155,1180408,89759305.81,2569.808925,12624.5995,179.845,5961,2433,14.43,22958465248,4010738,3113154274
3/13/2017,28.4,81718,1170758,89728090.97,2550.969626,12817.8346,180.235,6040,2452,14.25,23503094188,4013572,3230713433
3/12/2017,23.2,66646,1158864,89696477.22,2087.237025,12404.6584,177.745,5919,2043,14.53,22944292835,4008825,2112935282
3/11/2017,21.3,64803,1151496,89665627.69,1918.844433,12381.3095,175.151,6002,2014,14.35,22822227019,4010983,2121047668
3/10/2017,19.18,65132,1145555,89634392.22,1719.187643,12144.0613,172.946,5953,2190,14.43,25715550291,4009374,2244444377
3/9/2017,17.75,64266,1139420,89603365.19,1586.875597,12105.6647,173.894,5928,2403,14.54,22460423289,4013111,2168001854
3/8/2017,16.51,55386,1132810,89572555.66,1480.634345,12138.6545,170.548,6016,1800,14.29,22717981194,4007589,1749096281
3/7/2017,18.88,62589,1128534,89541229.72,1693.224654,11651.4652,165.933,5978,1963,14.43,22439900327,4006006,1962866259
3/6/2017,19.51,57020,1124705,89510160.97,1760.664866,11736.4413,166.365,5977,1808,14.41,22683379793,4010710,1824348403
3/5/2017,19.35,57031,1120047,89479007.84,1723.365691,11701.7413,163.957,6073,1821,14.18,22459193729,4008611,1890414773
3/4/2017,18.5,58756,1115958,89447445.97,1661.039072,11171.4309,158.696,5985,1860,14.37,22752613012,4012281,1881415432
3/3/2017,19.49,64294,1111646,89416273.31,1740.934841,11419.5855,160.218,6006,2084,14.31,23008036079,4017598,2015645991
3/2/2017,19.02,70779,1104821,89384974.41,1703.677612,10915.3639,152.75,6061,2209,14.2,23609865289,4020666,2278844062
3/1/2017,17.43,59774,1098329,89353343.47,1567.257644,10718.1257,152.61,5958,2235,14.45,27402631555,4019383,2146017149
